{
    "accuracy": 0.8974285714285716,
    "f1": 0.8972505402264496
}