{
    "accuracy": 0.9582857142857144,
    "f1": 0.9585201737774007
}