{
    "loss": [
        0.14830598030239345
    ],
    "accuracy": [
        0.9142857142857143
    ],
    "f1": [
        0.9135335497835498
    ]
}