{
    "loss": [
        0.10996582834050059
    ],
    "accuracy": [
        0.9571428571428572
    ],
    "f1": [
        0.9571568216729507
    ]
}